"Ward","Pincode","Address"
"A ",400001,"Blossoms,ModiStrret,OppFishMarket,Fort"
"A ",400001,"Sahayog,5,MintRoad,OppGpo,Fort"
"A ",400005,"AbbasBuilding,BKBomanBehramMarg,BackSideOfTajHotel,Colaba"
"A ",400005,"BandusCourt,1StPastaLane,Colaba"
"A ",400005,"GaneshmurthiNagarPartNo1,3,CaptainPrakashPetheMarg,Colaba"
"A ",400005,"GaneshmurthiNagarPartNo2,CaptainPrakashPetheMarg,Colaba"
"A ",400005,"MistryChamber,StrandRoad,NearStrandRoad,Colaba"
"A ",400005,"MuniraBuilding,ShahidBhagatsinghRoad,NearDelhiDarbarHotel,Colaba"
"A ",400005,"NarangHouse,ArthurBunderRoad,NearGatewayOfIndia,Colaba"
"A ",400005,"ShivshaktiNagar,FreePressJournalRoad,NarimanPoint,Colaba"
"A ",400005,"SunderNagar,IndumatiSakrikarMarg,NearColabaMarket,Colaba"
"A ",400020,"BirlaMatoshreeQuarters,BomabyHospitalPremises,VitthaldasThakrsiMarg,MarineLines"
"A ",400021,"GaribJanataNagar,BadhwarPark,CaptainPrakashPetheMarg,CuffeParade"
"A ",400021,"GeetaNagar,DrHomiBhabhaRoad,NearNavyNagar,Colaba"
"B ",400003,"HajiMansion,TantanpuraRd,"
"B ",400003,"Hutment,SantTukaramRoad,"
"B ",400003,"LuckyMansion,MohdAliRd,"
"B ",400003,"MadinaManzil,OldBengalipura,"
"B ",400003,"NobelTower,ZakeriaMasjidStreet,"
"B ",400003,"NoorHospitalBuilding,MohdAliRd,"
"B ",400003,"RKManzil,OldBengalipura,"
"B ",400009,"AWing,KgnCHS,KgnCHS,ImamwadaRoad,"
"B ",400009,"AmirAliBuilding,ShahidaMarg,"
"B ",400009,"GNHeights,NishanpadaRoad,"
"B ",400009,"GandhiGodown,MasjidSidingRoad,"
"B ",400009,"GustadChamber,LNJadhavMarg,"
"B ",400009,"IbrahimManor,SvpRd,"
"B ",400009,"JayrajPirbhaiBuilding,SamuelStreet,"
"B ",400009,"JumaMasjidBuilding,NishanpadaRoad,"
"B ",400009,"KashmiriManzilBuilding,JBShahMarg,"
"B ",400009,"KhatijabaiBuilding,NishanpadaRoad,"
"B ",400009,"SabooSiddiqueHospitalBuilding,ImamwadaRd,"
"B ",400009,"SamsonApt,RamchandraBhattMarg,"
"C ",400003,"AWing,SuryadarshanBuilding,SuryadarshanBuildingAWing,SantsenaMarg,SecondKumbharwada,Girgaon"
"C ",400003,"BWing,SuryadarshanBuilding,SuryadarshanBuildingBWing,SantsenaMarg,SecondKumbharwada,Girgaon"
"C ",400003,"BoriChawl,KapreshwarMarg,Fanaswadi,Kalbadevi"
"C ",400003,"BuildingNo123,AliUmarStreet,MarineLines"
"C ",400003,"FirdosManzil,GhogariMuhalla,NoorBakery,GhogariMuhalla"
"C ",400003,"FitwalaBuilding,ChimnaBucherStreet,NullBazar"
"C ",400003,"HotelDelight,IRRoad,BhendiBazar,MarineLines"
"C ",400003,"IslampuraMasjid,IslampuraStreet,IslampuraMasjid,CharniRoadEast"
"C ",400003,"KeshavNursingBuilding,MahadevShankarSethLane,ChiraBazar"
"C ",400003,"LDMansion,JssRd,DhobiTalao"
"C ",400003,"VivekBuilding,KalbadeviRoad,Badamwadi"
"C ",400004,"NalawalaBuilding,BhaiJivanjiLane,NearSKPatilGarden,Mumbai"
"C ",400004,"PhadkeBuilding,GangaramKhatriwadiThakurdwar,Thakurdwar"
"D ",400004,"GulshanTalkiesBuilding,PBMarg,ChorBazar,GrantRoad"
"D ",400004,"KhemrajBhavanBuilding,KhetwadiBackRoad,KhambataLane,Khetwadi"
"D ",400004,"KhotachiWadi,JssRoad,DhobiGhat,Girgaon"
"D ",400004,"MaliBhavan,Girgaon,8ThKhetwadi,Girgaon"
"D ",400004,"RainbowHeights,Khotachiwadi,VPRoad,GrantRoad(W),Girgaon"
"D ",400006,"DoshiPalace,WalkeshwarRd,MalabarHill,Walkeshwar"
"D ",400006,"JaslokHospital,PeddarRoad,CumbalaHill,GrantRd"
"D ",400007,"12ThLaneKhetwadi,MithaiwalaMansion,GrantRoad,NearBalwasHotel,Khetwadi"
"D ",400007,"AmorinaHeigtsCHS,GrantRoad,BhajiGalli,GrantRoad(W)"
"D ",400007,"AuburnHouseBuilding,ForjettStreet,GrantRd"
"D ",400007,"AvishkarBuilding,GrantRoad,GrantRd"
"D ",400007,"BWing,JaiHariBuilding,JaiHariBuilding,VNMarg,GawaliaTank,GrantRd"
"D ",400007,"BhatiaHospital,TardeoRoad,OldChikalwadi,GrantRoad"
"D ",400007,"CWing,NavyugMansion,NavyugMansion,FrereBridge,Nanachowk,GrantRoad"
"D ",400007,"FirozaMansion,LamingtonRoad,ShapurBaug,GrantRoad"
"D ",400007,"KalyanBuilding,SadashivCrossLane,Kandawadi,GrantRd"
"D ",400007,"KaraiEstate,KNRoad,Gaodevi,GrantRoad"
"D ",400007,"NemaniBuilding,NSPatkarMarg,GirgaonChowpatty"
"D ",400007,"SpentaTower,ForjettStreet,GowaliaTank,GrantRoad"
"D ",400007,"TardeoCourtBuilding,JDMarg,BhatiaHospital,Tardeo"
"D ",400008,"BatataChawl,PBMarg,GrantRoad,GrantRd"
"D ",400008,"BismillahBuilding,OmkarNivas,PBMarg,GrantRoad"
"D ",400008,"Building318,LokhandwalaChawl,BaptyRoad,ArabGalli,GrantRoad"
"D ",400008,"CWing,AmatullahBuilding,AmatullahBuilding,PbMarg,ArabLane,GrantRoad"
"D ",400008,"DelhiDarbarHotel,PBMarg,GrantRoad,GrantRd"
"D ",400008,"KailashApartment,JbbRd,DalalEstate,MumbaiCentral"
"D ",400008,"KamarBuilding,KKMarg,OppNavjivanSociety,Kamathipura"
"D ",400008,"LokhanwalaChawl,ArabLane,GrantRoad"
"D ",400008,"MangliKanduriChawl,RSNimkarMarg,GrantRoad"
"D ",400008,"NoorManzil,6ThKumbharwada,ChorBazar,Kamathipura"
"D ",400008,"SothFaceChawl,SouthFaceChawl,RsNimkarMarg,FarasRd,Kamatipura"
"D ",400009,"BatliwalaCompound,BaptyRoad,FaujiyaHospital,GrantRoad"
"D ",400026,"AshaNagarZopadapatti,NepeanSeaRoad,PriyadarshaniPark,NepeanSeaRoad"
"D ",400026,"BWing,NalandaBuilding,NalandaBuilding,PeddarRoad,JaslokHospital,PeddarRoad"
"D ",400026,"CasaKhorakiwalaBunglow,VakilLane,DrGDMarg,RusianCulturalCentralLane,PedderRoad"
"D ",400026,"ShyamNiwasBuilding,BhulabaiDesaiRoad,BreachCandyHospital,CumballaHil"
"D ",400026,"VallabhApartment,BhulabaiDesaiRoad,BreachCandyHospital,CumballaHill"
"D ",400034,"BuildingNo-11,TransitCampBuilding,BhanjibhaiRathodMarg,Tulsiwadi,MumbaiCentral"
"D ",400034,"DWing,JantaNagarBuilding,JantaNagar,JDMarg,Tardeo"
"D ",400034,"DmdJhopadpatti,TardeoRd,Tulsiwadi,Tardeo"
"D ",400034,"DmgZopadpatti,TulsiwadiZopadpatti,BhanjibhaiRathodMarg,MataMandir,Tardeo"
"D ",400034,"MilanBuilding,TardeoRd,AcMarket,Tardeo"
"E ",400011,"BmcChawlNo1,Kamthipura,9ThGulli,Kamthipura,Byculla"
"E ",400011,"MerchantBuilding,BadluRangariStreet,AshaDhan,Byculla"
"E ",400012,"AWing,ChawlNo4,KhusnumaApartment/BitChawl,MARoad/MSAnsariMarg,Kalapani,Agripada"
"E ",400012,"BuildingNo22,BitChawl,MadhavraoGanganMarg,NearFancyMarket,Agripada"
"E ",400012,"Building,NesbitHall,NesbitRoad,OppSbi,Mazgaon"
"E ",400012,"Chawl1,666Tenament,BJMarg,JocobCircle,Byculla"
"E ",400012,"Chawl42,HawabaiChawl,NMJoshiMarg,ArthurRoadNaka,Chinchpokli"
"E ",400012,"ChawlNo14,TransistCamp,TankPakadiStreet,Mominpura"
"E ",400012,"ChawlNo21,22,Kamathipura7ThLaneChawlNo21,Kamathipura7ThLane,Kamathipura"
"E ",400012,"Chawl,KasamHathiChawl,Kamathipura1StLane,Kamathipura"
"E ",400012,"NayeeChawl,3RdGhelabhaiLane,Mandapura"
"E ",400012,"SanaHeight,BarkatAliViraniMarg,Nagpada"
"E ",400013,"Building,BycullaPoliceLineQuarters,HansrajLane,BycullaPoliceStation,BycullaEast"
"E ",400013,"Building,FireBrigadeOffice,Byculla,ShaikhHafizuddinMarg,BehindBmcEWardOffice,Byculla"
"E ",400013,"Building,MustafaManzil,PeerkhanStreet,OppBmcSchool,Nagpada"
"E ",400013,"Building,NirmalPark,EWing,DrBARoad,VikkyHotel,BycullaEast"
"E ",400013,"Building,PeerBhaiMension,MorlandRoad,SaharaMedicalStoreHalimManjil,Byculla"
"E ",400013,"ChawlNo1,BitChawlAgripada,MejhrajSethiMarg,JhulaMaidan,Byculla"
"E ",400013,"Chawl,Bldg21/23,7ThGully,Kamthipura,Byculla"
"E ",400013,"IslamiaHousingSociety,NavrojMinar,ClareRoad,SaintAgnesHighSchool,Byculla"
"E ",400013,"Slum,LakdiBandervmotorLineDaruKhana,MotorLineDaruKhana,UdipiHotel,Mazgaon"
"E ",400014,"BismillaArcade,SankhaliStree,HudaMasjid,Byculla"
"E ",400014,"Chawl,RasulJivaCompound,RasulJivaCompound,KkRoad7ThRasta,JacobCircle,Byculla"
"E ",400014,"PatraChawl,PatraChawl,BJMarg,Byculla"
"E ",400015,"BBlock,BmcBldg,ChandramaniBuddhviharMarg,TwoTank,Kamathipura"
"E ",400015,"Building,BmcBldgNo5,BJMarg,Kanjarwada,Byculla"
"E ",400015,"Building,HusainiMansion,ShirinManzil,StMerryRoad,Tadwadi,Mazgaon"
"E ",400015,"Building,ShakkarwalaBldg,BabanGully,SankhaliStreet,Madanpura,Agripada"
"E ",400015,"Building,ShirinbhaiChawl,MorlandRoad,MumbaiCentral"
"E ",400015,"KermaniBuilding(AnandEstate),NMJoshiMarg,ArthurRoadNaka,Chinchpokli"
"E ",400015,"PrabhatBuilding,RBChandorkarMarg,AgripadaPoliceStaion,Agripada"
"E ",400015,"Slum,SanjayGandhiNagar,JJMarg,RailwayCompound,Mazgaon"
"E ",400015,"Tulsiwadi,TulsiwadiChawl,GunpowderRoad,Mazgaon"
"E ",400018,"109AcharwalaBuilding,UndriyaStreetNagpada,Nagpada,Byculla"
"E ",400018,"BageRabbaniAppartment,AWing,MegrajSethiMarg,BadliwalaCharitableDispensary,Byculla"
"E ",400018,"BageUsmanHeights,SheikhHafizuddinMarg,BehindEWard,Byculla"
"E ",400018,"Bambkhana,MARoad,Kamathipura(EyeHospital),Kamathipura"
"E ",400018,"Building,2Nd&4ThLane,Kamathipura,Kamathipura"
"E ",400018,"Building,ArhamTowerChinchpokli,DattaramLadMarg,ChintamaniGanpatiUtsav,Chinchpokli"
"E ",400018,"Building,BelvedarHillMazgaon,ShivdasChapsiMarg,NextStPeterSchool,Mazgaon"
"E ",400018,"Building,DagdiChawal,BJMarg,DagadiChawl"
"E ",400018,"ChavhanMension,TankPakadi,TankPakadiRoad,OppositeKhataoMill,Byculla"
"E ",400018,"Chawl,AksaManzil,MARoadMadanpura,GhoshBazar,Byculla"
"E ",400018,"Chawl,MarutiGully,NMJoshiMarg,BycullaStn,Buyculla"
"E ",400018,"HerambDarashanBuilding,DpWadiRoad,KapreshwarMandir,Byculla"
"E ",400025,"Building,5/DMhada,RamBhauBhogleMarg,BatliboyCompoundGround,Ghodapdeo"
"E ",400025,"Building,DoodhWalaComplexNearBombayCentralBusDepotFWing,BelasisRoad,StDepot,Byculla"
"E ",400025,"Building,NayaNagarAWing,MARoad,BestQuarters,Byculla"
"E ",400031,"Building,AnwarshetKiChawl,BadluRangariStreet,SalvationArmy,Byculla"
"E ",400031,"Building,HussainPatelMarg,MunnaSethCompound,BelvederRoad,BhandarTekdi,Mazgaon"
"E ",400031,"Chawl1,PanchKhateChawl,BJMarg,Byculla"
"E ",400031,"Chawl1,TransitCamp,TankPakhadiStreet,Kalapani,Mominpura"
"E ",400033,"KarimBuilding,3RdGhelabhaiLane,Madanpura"
"E ",400033,"TakdeerNiwas,TakdeerNiwas,BrahmadevKhotMarg,Mazgaon"
"FN",400011,"LalMati,KismatNagar,Wadala"
"FN",400011,"SaiBabaMandir,VijayNagar,AntopHill,WadalaC/OPandit(RentedHouse),WadalaEast"
"FN",400013,"BhaiyasahebNagar,90FeetRoad,BarkatAliNaka,Wadala,BarkatAliNaka,WadalaEast"
"FN",400013,"BharatiyaKamalaNagar,SPRoad,NearKarbalaMsjid,AntopHill,WadalaEast,SPRoad,WadalaEast"
"FN",400013,"KrushnaKunj,PlotNo100,BARoad,OppManavsevaSangh,BARoad,SionEast"
"FN",400013,"SangamNagar,SPRoad,AntopHill,WadalaEast,SPRoad,WadalaEast"
"FN",400018,"BldgNo9,PunjabiCamp,NearHariMandir,SionKoliwada"
"FN",400018,"Bpt44No,MbptNewColony,Wadala(E)"
"FN",400018,"RajeShivajiVidyalayCanteen,ShivajiSchoolCanteen,HinduColony,IesRajeShivajiVidyalayCanteen,Dadar"
"FN",400018,"SainathHotel,NrFishMarket,Wadala(W)"
"FN",400018,"ShyamalBuilding,LotlikarLane,Matunga"
"FN",400025,"AWing,Bhangiri,ManakikarMarg,NrChunabhattiPhatak,ChunabhattiWest"
"FN",400025,"DostiBlossom,DostiBlossom,AntopHill,WadalaE"
"FN",400025,"HimmatNagarSpRoadNearMadinaMasjidWadalaEastMumbai37,SpRoad,WadalaEast"
"FN",400025,"JainSociety,RoodNo18,ManharNiwas,SionWest"
"FN",400025,"ShivajiNagarCHS,BhauDajiRd,SionWest"
"FN",400025,"SiddharthNagarKorabaMithagar,Wadala"
"FN",400025,"SushrushaBldg,MbptHospital,Wadala(E)"
"FN",400025,"VaibhavBldg,NrWadalaBridge,Wadala(E)"
"FN",400030,"ABlock,OldPoliceLine,MatungaCentral,MatungaCentral"
"FN",400030,"BldgNoD7,MhadaColony,NearGtbMonorailStation,WadalaEast"
"FN",400030,"BptGateNo4,NearNuraniMasjid,ChindhiGully,NearNuraniMasjid,Wadala"
"FN",400030,"BptNewColony,MbptHospital,WadalaEast"
"FN",400030,"BuildingNo200,Sector6,CgsColony,KaneNagarPoliceStation,Wadala"
"FN",400030,"NewMhadaColony,SionKoliwada,NearShuklaHotel,Sion"
"FN",400030,"OmkarChawl,GaneshNagar,WadalaEast"
"FS",400013,"MamtaBuilding,JerBaiWadiaRoad,NearBhoiwada,Parel"
"FS",400013,"ShramikNiwas,SaneGurujiMarg,NearVikrantSadanBuilding,Chinchpokali"
"FS",400018,"AadharBuilding,SaneGurujiMarg,NearVikrantSadanBuilding,Chinchpokali"
"FS",400018,"BdlbColony,ShrikantHadkarMarg,Kalachowky"
"FS",400030,"AWing,OfficersQuarters,RAKidwaiRoad,CharRast,Sewree"
"FS",400030,"AshwamedhCHS,DGMahajaniRoad,Sewree"
"FS",400030,"BWing,AhuraCHS,DrSSRoaRoad,Parel"
"FS",400030,"BahareMadinaBuilding,BahareMadina,Wadala,NearRAKidwaiRoadPoliceStation,Sewree"
"FS",400030,"BestQuatersKBuilding,BestQuaters,VShantaramRoad,GurudamKripaHousingSociety,Parel"
"FS",400030,"BholaMasterChawl1/4,BholaMasterChawl,SewreeCrossRoad,NearRailwayLineGateNo6,Wadala"
"FS",400030,"BitBuildingNo2&3,BitChawl,VitthalChavanMarg,NextToDamodarHall,Parel"
"FS",400030,"BldNo273RailwayColony,RailwayColony,RailwayColonyRoad,NearCentralRailwayLocomotiveWorkshop,Parel"
"FS",400030,"BMCChawlNo104,RahatNagar,RahatNagar,SewreeCrossRoad,BehindDrGada'SClinic,Wadala"
"FS",400030,"BMCChawlNo110,BMCChawl,Wadala"
"FS",400030,"Building1,NaigaonPoliceBuildingHeadquarters,Naigaon,Dadar"
"FS",400030,"IraniChawlGateNo6,IraniChawlNo8,SewreeCrossRoad,OppDrKhatriClinic,Sewree"
"FS",400030,"JanabaiBuilding,AbovrSadhnaHotel,DadarEast,Dadar(East),Dadar"
"FS",400030,"MaharashtraHousingBoard,DyaneshwarNagar,RAKidwaiRoad,Sewree"
"FS",400030,"MonarchGarden,RAKidwaiRoad,Sewree"
"FS",400030,"MunChawlNo103,GateNo6,MunicipalChawl,SewreeCrossRoad,NearRailwyGateNo6,Wadala"
"FS",400030,"Na,DyaneshwarNagar,RAKidwaiRoad,OppDyaneshwarSchool,Sewree"
"FS",400030,"PathanMasjidChawl,SewreeCrossRoad,PathanMasjid,Sewree"
"FS",400030,"SarifaManzil,SewreeCrossRoad,BehindDyaneshwarVidyalay,Sewree"
"FS",400030,"Suntower,GDAmbekarRoad,Bhoiwada,Parel"
"FS",400030,"TataMillsCHS,Parel"
"FS",400030,"TransitCampKalewadi,RatnasindhuCHSTransitCamp,GDAmbekarRoad,NearMonorailPollNo11,Kalewadi"
"FS",400030,"WeillingtonHouse,WellingtonHouse,Parel,NearSupariBaug,Parel"
"GN",400011,"DrBaligaNagarJasiminMillRoadDharavi,JasminMillRoad,Dharavi"
"GN",400014,"SocialNagar,MarrianmaMandir,GausiyaMasjid,Dharavi"
"GN",400019,"MadinaNagar,60FtRoad,Dharavi"
"GN",400022,"DinkarApartment,BehindSuryavanshiHall,DadarWest"
"GN",400022,"JantaSociety,DharaviMainRoad,AbhudayaBank,Dharavi"
"GN",400022,"JasminMillRoad,GasitaRamFactory,Dharavi"
"GN",400022,"TavadeBuilding,KVChitalePath,Dadar"
"GN",400022,"VaibhavApartment,DharaviMainRoad,OppositeAbhudayaBank,Dharavi"
"GN",400031,"Emerald,Mahim,Mahim"
"GN",400037,"DimandBldg,JasminMillRoad,GasitaRamFactory,Dharavi"
"GN",400037,"MuslimNagar,Dharavi"
"GN",400037,"ShaktiChawlMukundNagar,Dharavi"
"GN",400037,"SoubhagyaApartment,SKBoleRoad,LaxmiNarayanMandir,DadarWest"
"GN",400037,"UniqueHights,OppCanosaHighSchool,Mahim"
"GS",400008,"13,CenturyQuartets,PBMarg,MahindraTowers,Worli"
"GS",400008,"AchanakKridaMandal,WorliKoliwada,KesariNathBuvaBhayMarg,WorliVillage"
"GS",400008,"AdarshNagar,CenturyBazar,WorliVillage"
"GS",400008,"GaneshNagar,CCommittee,CCommittee,JRBorichaMarg,NearArthurRoadJail,Saatrasta"
"GS",400010,"NearNehruPlanitorium,BhaiyasahebAmbedkarNagar,ABRoad,NehruPlanitorium,Worli"
"GS",400011,"GateNumber5,BadaDhobighat,Saatrasta,NearMahalaxmiStation,Saatrasta"
"GS",400011,"ShivajiNagar,SasmiraMarg,SasmiraCollege,Worli"
"GS",400011,"SuryadarshanBuilding,NearJijamataNagar,Worli,EMosesRoad,JijamataNagr,Worli,Worli"
"GS",400011,"VarasLane,WorliKoliwada,KesariNathBuvaBhayMarg,WorliVillage"
"GS",400019,"BddChawl,111Worli,SsAmrutwarMarg,Worli,Worli"
"GS",400022,"JariMariSadan,WorliHillRoad,Worli"
"GS",400031,"CWing,Laxmipooja,LaxmipoojaSociety,JRBorichaMarg,NearArthurRoadJail,"
"GS",400037,"16BDD,BDD,GmBhosleMarg,Worli"
"GS",400037,"18BDD,BDD,NmJoshiMarg,NMJoshiMarg,NearNmJoshiMarg,LowerParel"
"GS",400037,"1BDD,BDD,GmBhosleMarg,Worli"
"GS",400037,"40BDD,BDD,GmBhosleMarg,Worli"
"GS",400037,"45Wpc,Wpc,SirPochkhanwalaRoad,Worli"
"GS",400037,"AWing,LokhandwalaResidency,LokhandwalaResidency,LnPappanMarg,NearFourSeasonsHotel,Worli"
"GS",400037,"BDD20,BDD,NMJoshiMarg,LowerParel,NearNmJoshiMargPoliceStation"
"GS",400037,"CenturyQuartets,PBMarg,MahindraTowers,Worli"
"GS",400037,"KombdiGalli,SiddharthNagar,DrABRoad,PoddarHospital,Worli"
"GS",400037,"TimesNetworkBuilding,KamalaMillCampusLowerParel,PbMarg,LowerParel"
"GS",400047,"ArunPrakashSangh,KesariNathBuvaBhayMarg,WorliVillage"
"GS",400047,"Bdd,NmJoshiMarg,NearNmJoshiMargPoliceStation,LowerParel"
"GS",400047,"KrantiLane,ArunPrakashSangh,KesariNathBuvaBhayMarg,WorliVillage"
"GS",400049,"AnandNagar,JijamataNagr,Worli,EMosesRoad,JijamataNagr,Worli,Worli"
"GS",400049,"DCommittee,GaneshNagar,JrBorichaMarg,DhobighatBmcSchool,GaneshNagar,BehindArthurRoadJail"
"GS",400049,"9,DevichaOota,BndBigHanumanMandir,JantaColony,DevichaOota,JanataColony,NrBigHanumanMandir,KesariNathBuvaBhayMarg,WorliVillage,JanataColony"
"GS",400049,"NrBazarGally,NrBazarGally,100/D,KesariNathBuvaBhayMarg,WorliVillage"
"GS",400049,"VishwajyotiBuilding,SenapatiBapatMarg,Elphinston"
"GS",400053,"BldgNo41,BldgNo41,AdarshNagar,KesariNathBuvaBhayMarg,WorliVillage,AdarshNagar"
"GS",400053,"BldgNo6,BldgNo6,AdarshNagar,KesariNathBuvaBhayMarg,WorliVillage,AdarshNagar"
"GS",400053,"KalikhanHouse,DhramrajBhanduCottage,KesariNathBuvaBhayMarg,WorliVillage"
"GS",400053,"NavneetChowkJC,NavneetChowk,JanataColony,KesariNathBuvaBhayMarg,WorliVillage,JanataColony"
"GS",400053,"NavtarunRahivashiSevaSangh,KesariNathBuvaBhayMarg,WorliVillage"
"GS",400053,"NrBazarLane,NearFishMarket,KesariNathBuvaBhayMarg,WorliVillage"
"GS",400053,"PuravHouse,OldPrabhadeviRoad,Prabhadevi"
"GS",400053,"ShramikEktaBuilding,JRBorichaMarg,BehindArthurRoadJail,JRBorichaMarg"
"GS",400053,"ShreeramLane,ShreeramLane,40CMadkarHouse,KesariNathBuvaBhayMarg,WorliVillage"
"GS",400053,"SiddhiPrabhaBuilding,SayaniRoad,OppositeRavindraNatyaMandir,Prabhadevi"
"GS",400056,"Bdd12,NMJoshiMarg,LowerParel"
"GS",400056,"BehindBptQtr,NrSaiBabaMandir,BehindBptQuarters,KesariNathBuvaBhayMarg,WorliVillage,JanataColony"
"GS",400056,"HirashethChawal,WorliKoliwada,KesariNathBuvaBhayMarg,WorliVillage"
"GS",400056,"JijamataNagr,Worli,EMosesRoad,JijamataNagr,Worli,Worli"
"GS",400056,"KamgarNagar2,NewPrabhadeviRoad,KamgarNagar2,Prabhadevi"
"GS",400056,"KatkarHouse,KesariNathBuvaBhayMarg,WorliVillage"
"GS",400056,"MataRamabaiAmbedkarNagar,JijamataNagr,Worli,EMosesRoad,JijamataNagr,Worli,Worli"
"GS",400056,"UtkarshSociety,JAMarg,OffSayaniRoad,Prabhadevi"
"GS",400056,"VeeraHouse,ElphinstoneRoad,Elphinstone"
"GS",400058,"AmarSandeshJantaColony,AmarSandeshJanataColony,KesariNathBuvaBhayMarg,WorliVillage,JanataColony"
"GS",400058,"BldgNo25,KesariNathBuvaBhayMarg,WorliVillage,AdarshNagar"
"GS",400058,"BptQtr,WorliKoliwada,BptQtr,BldgNo4,KesariNathBuvaBhayMarg,WorliVillage"
"GS",400058,"CharakBuilding,OffVeerSavarkarMarg,BesideChavanniMaidan,Prabhadevi"
"GS",400058,"Galli1,VPNagar,Lotus,ABRoad,NsciClub,Worli"
"GS",400058,"GontaLane,SaleHouse,KesariNathBuvaBhayMarg,WorliVillage"
"GS",400058,"GuruDattaBandPathak,JanataColony,GuruDattaBandPathak,JanataColony,Bnd169Busstop,KesariNathBuvaBhayMarg,WorliVillage,JanataColony"
"GS",400058,"GuruDattaBandPathak,JanataColony,KesariNathBuvaBhayMarg,WorliVillage,JanataColony"
"GS",400058,"GuruDattaBandPathak,JanataColony,KesariNathBuvaBhayMarg,WorliVillage,JanataColony"
"GS",400058,"JijamataNagr,Worli,EMosesRoad,JijamataNagr,Worli,Worli"
"GS",400058,"PamanandCarsandasChawl,VeerSantajiLane,LowerParel"
"GS",400058,"PrabhadeviSra,BuildingNo2,PrabhadeviSra,RajabhauDesaiMarg,AhujaTowers,Prabhadevi"
"GS",400058,"SiddhivinayakBuilding,SiddhivinayakSociety,JrBorichaMarg,BehindArthurRoadJail,JRBorichaMarg"
"GS",400058,"SiddiqueMohammadChawl,OldPrabhadeviRoad,Prabhadevi"
"GS",400061,"AWing,LokhandwalaResidency,LokhandwalaResidency,LRPapanMarg,FourSeasonHotel,Worli"
"GS",400061,"AnandChayaSociety,TataPressLane,BesidePrabhaNagarSociety,Prabhadevi"
"GS",400061,"SaathiAasraCHS,NewPrabhadeviRoad,SaamnaPress,Prabhadevi"
"GS",400061,"SonapurLane,58H,DawareHouse,SonapurLane,KesariNathBuvaBhayMarg,WorliVillage"
"GS",400061,"TheEnclave,PrabhadeviGuestHouse,TheEnclave,AppaSahebMaratheMarg,BesideBalasahebThackerayIasAcademy,Prabhadevi"
"GS",400061,"VikasLane,WorliKoliwada,VikasLane,KesariNathBuvaBhayMarg,WorliVillage"
"GS",400102,"BddChawl101,Bdd101,BansodeMarg,NearAmbedkarSchool,Worli"
"GS",400102,"BldgNo35,BldgNo35,AdarshNgr,KesariNathBuvaBhayMarg,WorliVillage,AdarshNagar"
"GS",400102,"GanapatiStage,BhaiyasahebAmbedkarNagar,EMosesRoad,NehruPlanetorium,Worli"
"GS",400102,"GontaLane,49I,JanaNakhwaHouse,KesariNathBuvaBhayMarg,WorliVillage"
"GS",400102,"KhimjiNagji,SenapatiBapatMarg,OppositePhoenixTower,LowerParel"
"GS",400102,"LadkubaiChawal,PakhariLane,Koliwada,KesariNathBuvaBhayMarg,WorliVillage"
"GS",400102,"MWard,VPNagar,Lotus,ABRoad,NsciClub,Worli"
"GS",400102,"Panchaganga,PanchagangaBuilding,NmJoshiMarg,OppositeBaulaWadiMasjid,LowerParel"
"GS",400102,"PwdChawl,NmJoshiPoliceStation,NMJoshiMarg,DelileRoad,LowerParel,NearNMJoshiMargPoliceStation"
"GS",400102,"ShivkrupaBuilding,S,BalajiPawarMarg,CurreyRoad"
"GS",400102,"TexilaSociety,TwinTowersLane,Prabhadevi"
"GS",400102,"VpNagar,JijamataNagr,Worli,EMosesRoad,JijamataNagr,Worli,Worli"
"HE",400008,"AmrutNagar,Kherwadi,BandraEast"
"HE",400008,"B60,GovtColony,BandraEast"
"HE",400008,"ChawlNo3RajakChawl,OppGoldenBakery,BandraEast"
"HE",400008,"ChawlNo60/926,BharatNagar,BandraEast"
"HE",400008,"DayaramChawl,NewDeepakwadi,NirmalNagar,BehramChawl,KharEast"
"HE",400008,"DeepnarayanShuklaChawl,NearTabela,ChakkiKhan,SantacruzEast"
"HE",400008,"HarishChandraViajyKhotChawl,NewAgripada,AgripadaGolibar,SantacruzEast"
"HE",400008,"HingaGalli,BeharamNagar,BandraEast"
"HE",400008,"MadinaBuilding,BehramPada,BandraEast"
"HE",400008,"MilanChawl,Golibar3rdRoad,OppIndianBank,SantacruzEast"
"HE",400008,"NewNirmanChawlBuilding,AhmedZakeriaNagar,BehramPada,BandraEast"
"HE",400008,"PoonamHairCuttingSaloon,NearRuzuniaMadarsa,NearGolibar7ThRoad,KharSubway,SantacruzEast"
"HE",400008,"RamjeevanChawl,NearRamakantDairy,5ThGolibarRoad,SantacruzEast"
"HE",400008,"RaviTambolliChawl,NewAgripada,SantacruzEast"
"HE",400008,"SraPattharNagar,BharatNagr,Bkc,Bandra(E)"
"HE",400008,"YashodhanBld,Sbi,Golibar"
"HE",400010,"AbdulRasulTailorChawl,JawaharNagar,NearSansiWadi,KharEast"
"HE",400010,"B/803/E,BaseraSoc,Bkc,BandraEast"
"HE",400010,"GomesChawl,Golibar,SantacruzEast"
"HE",400010,"HajiHussainChawl,MasjitRdGolibarRoad,Golibar,SantacruzEast"
"HE",400010,"KhalilChawl,SaudiNagarGateNo-1,DowryNagar,VakolaBridge,SantacruzEast"
"HE",400010,"KunchikorveNagar,Kalina,GalliNo2,SantacruzEast"
"HE",400010,"MakranGalli,BehramNagar,BandraEast"
"HE",400010,"MehboobKasaiChawl,VnDesai"
"HE",400010,"OppMavNirmanChawl,AhmedZakeria,BandraEast"
"HE",400011,"GajananRahivasiSangh,NewAgripada,SantacruzEast"
"HE",400011,"GurubakshaPunjabiChawl,JawaharNagar,SaiBabaRoad,KharEast"
"HE",400011,"JaiMaSharadaRahivasiSevak,DnyaneshwarNagar,Nalaside,BandraEast"
"HE",400011,"KalyaniNiwas,Vakola,VakolaPipeLine,BarmaBakrey,VakolaVillage"
"HE",400011,"KanishkaBld,CisfCamp,Kalina"
"HE",400011,"MWing,AiSanaBld,AiSanaBld,BeharamRoad,Beharam"
"HE",400011,"MoreshwarChwal,Waghriwada,Vakola,SantacruzEast"
"HE",400011,"NavjeevanChwal,IndiraNagar,GavdeviPipeLine,Vakola,SantacruzEast"
"HE",400011,"ParvezChawl,NearMohammadiMasjid,ShashriNagar,Kalina,SantacruzEast"
"HE",400011,"PatharNagar,BharatNagar,BkcRoad,BandraEast"
"HE",400011,"PatharNagar,BharatNagr,Bkc,BandraEast"
"HE",400011,"RazakChawl,GoldenBakery,KherwadiRoad,BandraEast"
"HE",400011,"SambhajiSevaMandal,JavharNagar,KharEast"
"HE",400011,"SankalpSiddhi,KherNagar,BandraEast"
"HE",400011,"ShardhaSangeet,NearShardhaSanget,BandraEast"
"HE",400011,"YunusMiyanChawl,Navpada,BandraEast"
"HE",400012,"LalabhaiChawl,BehramNagar,BandraEast"
"HE",400016,"MadinaMasjid,Golibar,SantacruzEast"
"HE",400017,"BuildingNo3,AkrutiBuilding,ShashtriNagar,BandraEast"
"HE",400017,"GaribNagar,BandraEast"
"HE",400017,"NavpadaBuildingNo2,PrabhatColony,SantacruzEast"
"HE",400017,"PlotNo8,BharatNagar,BandraEast"
"HE",400017,"SanjivaniSoc,JawarNagar,GolibarRd,KharEast"
"HE",400027,"RazakChawlNo-03,BandraEast"
"HE",400028,"PlotNo7,BharatNagar,BandraEast"
"HE",400028,"SudhirApartment,YashwantNagar,VakolaPipeline,SantacruzEast"
"HE",400033,"DyaneshwarNagar,BandraEast"
"HE",400033,"MahakaliShivshankarNagar,ChawlNo7,NewAgripada,SantacruzEast"
"HW",400016,"HariNiwas,SVRoad,NextToPodarIbBoardSchool,KharWest"
"HW",400016,"RoseMaryBuilding,IceFactoryLane,OffHillRoad,TriosMall,BandraWest"
"HW",400017,"1101,Chinar,21,Khar"
"HW",400017,"RamadeviMansion,SeaViewBuilding,WestAvenueRoad,SantacruzWest"
"HW",400017,"SandeepBuilding,10,10ThRoad,KharWest"
"HW",400017,"VastuBuilding,BJRoad,BandraWest"
"HW",400055,"BloomingHeights,PaliHillRoad,NrPunjabSweet,BandraWest"
"HW",400055,"BlueFlameBuilding,SVRoad,ShantiNursingHomeBuilding-NextToIndianOil,BandraWest"
"HW",400055,"IndrayaniBulding,JuhuRoad,SantacruzWest"
"HW",400055,"NavBaharBuilding,15ThRoad,KharWest"
"HW",400055,"OrchidBuilding,NargisDuttRoad,OppDilipKumarBunglow,BandraWest"
"HW",400055,"PitalwalaBuilding,BazarRoad,AboveCitySweetCentre,BandraWest"
"HW",400055,"QuinnieVilla,PaliNaka,BandraWest,PaliNaka,BandraWest"
"HW",400055,"ShivChhayaBuilding,14ThRoad,OppNMMedical,KharWest"
"HW",400055,"ZarinaCHS,SVRoad,OppHPPetrolPump&JamaMasjid,BandraWest"
"KE",400055,"AWing,SevenhillsHospitalResidentialQuarters,SevenhillsHospitalResidentialQuarters,MarolMaroshiRoad,AndheriEast"
"KE",400055,"AlFaqirMohhmadChwal,FrancisWad,JogeshwariEast"
"KE",400055,"BaluPatilChawl,TankView,SaharVillage,Andheri(E),Mumbai"
"KE",400055,"BuildingNo3,TirupatiBalaji,SaharRd,Saiwadi,AndheriEastMumbai"
"KE",400055,"DamodarChawle,DamodarChawle,MograPada,AndheriEast"
"KE",400055,"DurvankurSociety,ShahajiRajeRoad,VileParleEast"
"KE",400055,"FernandesStreet,TejpalRoad,VileParleE"
"KE",400055,"GovindWadiSra,BehindDarpanTalkies,Chakala,AndheriEast"
"KE",400055,"GuruArjunDevCHS,MahakaliCavesRoad,BindraComplex,AndheriEast"
"KE",400055,"HarishSocietyHosstel,DixitRoad,BehindSatheyCollage,VileParleE"
"KE",400055,"HostelNo2,HillViewApartment,HillViewApartment,NPThakkarRoad,VileparleEast"
"KE",400055,"IBlock,NearGushanMadina,MasjidJe,JogeshwariEast"
"KE",400055,"Kadamwadi,MarolPipeline,AndheriKurla"
"KE",400055,"KalekhanChawl,Mograpada,AndheriEast"
"KE",400055,"Koliwada,Koliwada,JogE"
"KE",400055,"KurbanChawl,InfrontOfRatnaMahalHotel,Parsiwada,Chakala,AndheriEast"
"KE",400055,"MahatmaKabirNagar,BihariChawl,Chakala,SaharRoad,NearCigaretteFactory,AndheriEast"
"KE",400055,"MahatmaPhuleNagar,Bamanwada,VileParleEast"
"KE",400055,"MarolPoliceCamp,AndheriEast"
"KE",400055,"Padmavati,AzadRoad,VileParleE"
"KE",400055,"PremNagar,MasjidThakurMaidanCommuni9StPartyGalliJe,"
"KE",400055,"Premnagar,MadarsaMasjid,FishMaket,JogeshwariEast"
"KE",400055,"RadhabaiChawl,JhulaMaidan,Meghwadi,JogeshwariEast"
"KE",400055,"SaiBabaChawle,DrRajendraPrasadNagar,VileParleEast"
"KE",400055,"SakinaBhaiChawle,NearBhajiMarketParshiWada,Chakala,AndheriEast"
"KE",400055,"ShastriNagar,Aliyavar,JungMar,VileParleEast"
"KE",400055,"Shivshakti,ShraddhanandRoad,VileparleEast"
"KE",400055,"SitaramMithaiWalaChawl,MogaraPada,AndheriEast"
"KE",400055,"SuhanaBuilding,InFrontOfKamgarKalyanKendra,Gundavali,AndheriEast"
"KE",400055,"SwapnashilpSociety,MahantRoad,VileParleEast"
"KE",400055,"VishnuVilla,NarimanRoad,VileparleEast"
"KW",400024,"DCHouse,10ThRoad,Jvpd,Juhu,AndheriWest"
"KW",400050,"SamtaNagar,JuhuGalli,BarfiwalaRoad,AndheriWest"
"KW",400055,"18,DevPark,ChandanCinema,Juhu,Juhu"
"KW",400055,"AzimNagarPatelChawl,SraBldg,AzimNagarPatelChawl,SraBldg,NearJogeshwariStation,JogeshwariWest"
"KW",400055,"DaulatHouse,VPRoad,GaondeviTemple,AndheriWest"
"KW",400055,"EliteResidentcy,SulatanaBad,JogeshwariWest"
"KW",400055,"JayMaaShardhaChawl,VMRoadNo05,NehruNagr,VileParle,VileParleWest"
"KW",400055,"JaywantiChawl,SarotaPada,AndheriWest"
"KW",400055,"JunaidNagar,CDBurfiwalaRoad,AndheriWest"
"KW",400055,"ManishaBuilding,PlotNo52,NSRoad,Jvpd,VileParleWest"
"KW",400055,"RamaleHouse,DongariGalli,Versova,AndheriWest"
"KW",400055,"RuiyaPark,JrMhatre,SaibabaMandir,Moragaon,Juhu"
"KW",400055,"ShagunBldg,NSRoadNo9Juhu,VilleParleWest"
"KW",400055,"SomnathDubeChawl,SomnathDubeChawl,SahkarRoad,JogeshwariWest"
"KW",400055,"ZohraCHS,GaothanLane1,AndheriWest"
"KW",400057,"A4,SilverCHS,VaishaliNagar,JogeshwariWest"
"KW",400057,"AdarshSociety,MhadaColony,AndheriWest"
"KW",400057,"AyublalaChawl,GaondeviDongari,AndheriWest"
"KW",400057,"DWing,NanawatiHostel,NanawatiHostel,VileparleWest"
"KW",400057,"IdbiQuarter,JuhuRoad,MakerKundanGarden,SantacruzWest"
"KW",400057,"LoksevaItihatSocChawl,JuhuGalli,WirelessRoad,OppKohinoorHotel,AndheriWest"
"KW",400057,"NJWadiaDispensary,SVRoad,AndheriRailwayStation,AndheriWest"
"KW",400057,"SantoshNagar,SraBuilding,BaheramBaug,JogeshwariWest"
"KW",400059,"BAqusaBuildingNo18,AmarutNagar,JogeshwariWest"
"KW",400059,"GulabPaniWaliChawl,GaondeviDongari,CamaRoad,NearNoorMasjid,AndheriWest"
"KW",400059,"PerimalChawl,RoadNo5,VMRoad,NeharuNagar,VileParleWest"
"KW",400059,"SanjayPlaza,ABNairRoad,Juhu,AndheriWest"
"KW",400060,"GulshanWelfareSoceity,GilbertHillRoad,ChhabilJantaColony,AndheriWest"
"KW",400060,"JuhuPoliceStation,VMRoad,NearKalaniketan,VileparleWest"
"KW",400060,"JunedNagar,BarfiwalaRoad,NearIrlaMajid,AndheriWest"
"KW",400060,"MadhubhanTower,DnNagar,AndheriWest"
"KW",400060,"MhadaColonyNo2,TapeDarga,OppWadiaHighschool,AndheriWest"
"KW",400060,"ThomasAppartment,OppNatrajBuilding,Versova,AndheriWest"
"KW",400069,"AbbubakarChawl,GaondeviDongari,AndheriWest"
"KW",400069,"AmilBrothers,BaherambaugRoad,JogeshwariWest"
"KW",400069,"DarshanBuilding,JogeshwariWest"
"KW",400069,"EversineCosmicBuilding,Oshiwara,JogeshwariWest"
"KW",400069,"LalasahebWaliChawl,FarooqiaGilburtHillRoad,NearTashkanBekary,AndheriWest"
"KW",400070,"AWing,Hibiscus,NewFisheriesRoad,7Bunglows,AndheriWest"
"KW",400070,"AadarshChawl,AnandNagar,OppositeMegaMall,JogeshwariWest"
"KW",400070,"AmanSociety,JuhuGalli,NearAqusaMasjid,AndheriWest"
"KW",400070,"AmbeMataChawlNo8,NeharuNagar,VileParleWest"
"KW",400070,"Building6,SagarBuildingSra,VPRoad,AndheriWest"
"KW",400070,"DhangarWadi,JuhuGalli,WirelessRoad,NearSiddharudhMathha,AndheriWest"
"KW",400070,"Dhangarwada,KarnatakaSoceity,BehindMakkaMasjid,AndheriWest"
"KW",400070,"JunedNagar,CDBarfiwalaRoad,JuhuGalli,AndheriWest"
"KW",400070,"LaxmiWelfarSociety,DhangarWadi,JuhuGalli,AndheriWest"
"KW",400070,"ManikamChawl,VileParleWest"
"KW",400070,"NamakiChawl,JuhuGalli,PoliceChouki,AndheriWest"
"KW",400070,"SeemaBuilding,NDattaMarg,FourBunglow,AndheriWest"
"KW",400072,"BWing,ShreeDarshanBuilding,SVPMhada,VersovaTelephoneExchange,AndheriWest"
"KW",400072,"MurganChawl,NeharuNagar,VileparleWest"
"KW",400093,"2/1,HajiDawoodChawl,SVRoad,Amboli,AndheriWest"
"KW",400093,"JangleHouse,DongriGalliVarsova,VarsovaRoad,AndheriWest"
"KW",400099,"38Society,RNo24,Mhada,4Bunglow,AndheriWest"
"KW",400099,"FarjanaMasjid,RaghwendraMandirRoad,GulshanNagar,JogeshwariWest"
"KW",400099,"RajkumarChawl,NeharuNagar,VileparleWest"
"KW",400099,"RamAdharSinghChawl,KrantiNagar,JogeshwariWest"
"KW",400099,"RamanChawl,NehruNagar,BMRoad,VileparleWest"
"L ",400024,"AmbikaNagar,SunderBaugh,Kamani,KurlaWest"
"L ",400024,"FitwalaBldg,PipeRoad,BehindKingBakery,KurlaWest"
"L ",400024,"HajiSultanChawl,HajiSultanChawl,QureshiNagar,ShivShrushtiRoad,CharbiGalli,KurlaEast"
"L ",400024,"JaibunnisaChawl,RajivNagar,KurlaAndheriRoad,NearShivprabhaBuilding,Sakinaka,Mumbai"
"L ",400043,"AWing,NoorMahalBuilding,PipelineRoad,NearCityHospital,KurlaWest"
"L ",400043,"GanayaChwal,ShantiNagar,KurlaAndheriRoad,SafedPhool,NearZarimariMetro,Sakinaka"
"L ",400043,"GauravNiwas,PareraWadi,PipelineRoad,Asalfa,Sakinaka"
"L ",400043,"Heritage,D'SouzaNagar,90FeetRoad,MohiliVillage,Sakinaka,Andheri(E)"
"L ",400043,"JagannathTemple,KonarkSociety,MarolMilitaryRoad,Sakinaka,KurlaWest,Sakinaka,Mumbai"
"L ",400043,"KhanCpd,IndiraNagar,MuslimSociety,KurlaAndheriRoad,Jarimari,KurlaW"
"L ",400043,"NabiChawl,HariyanwalaLane,NabiChawl,Kurla(W)"
"L ",400043,"NehruNagar,AlidadaEstate,SGBarveMarg,NehruNagar,Kurla(E)"
"L ",400043,"NikitaBuilding,AWing,MarolMilitaryRoad,BamandayaPada,AndheriEastMumbai"
"L ",400043,"PoliceColony,NehruNagar,MotherDairyRoad,PoliceColony,NehruNagar,KurlaEast"
"L ",400043,"SulochanaChawl,AshokNagar,Marol,MilitaryRoad,MarolMilitaryRoad,AndheriE"
"L ",400070,"152Fitwala,FitwalaCompound,PipeRoad,Madarsa,KurlaWest"
"L ",400070,"35ImtiazBuilding,ShamiCompound,Brahmanwadi,KalluMuttonShop,KurlaWest"
"L ",400070,"BehindJarimariTemple,JarimariTemple,KurlaAndheriRoad,BehindJarimariTemple,Sakinaka"
"L ",400070,"FakirNasuruddinChawl,QureshiNagar,KurlaW,NearCharbiGalli,KurlaEast"
"L ",400070,"HamidChawl,JariMari,SakiNagar,SaiMohammadCompound,HamidChawl,JariMari,LakadwalaRoad,KurlaWest"
"L ",400070,"HariMasjid,AndheriRoad,JunaKabrasthan,Andheri(E)"
"L ",400070,"HitechSeatingSystem,GalaNo3,OppPeninsulaHotel,Sakinaka,KurlaW,SakinakaMetro,KurlaWest"
"L ",400070,"JayAmbikaMataNagar,SunderBaug,Kamani,KurlaWest"
"L ",400070,"JuriPathakChawl,VijayNagar,KurlaAndheriRoad,OppNazHotel,KurlaWest,Mumbai"
"L ",400070,"Kajupada,VeerAmitNagar,Kamani,KurlaWest"
"L ",400070,"KohetoorCHS,BldgNo12,KohetoorCHS,KapadiaNagar,DrBhagwanClinic,KurlaWest"
"L ",400070,"MahadaColony,SwadeshiMillRoad,SwadeshiMill,Chunabhatti"
"L ",400070,"MubarakComplex,BldgNo3,MubarakComplex,VbNagar,KalluMuttonShop,KurlaWest"
"L ",400070,"MubarakHotel,GulabShahEstate,LbsMarg,OppDeluxHotel,KurlaWest"
"L ",400070,"NarayanNagar,NssRoad,ShahDargah,KurlaWest"
"L ",400070,"NoorEJahanComplex,PipeRoad,NearKurlaNursingHome,KurlaWest"
"L ",400070,"OppTaximanColony,ABlockSulwemanVbldg,OppositeBuddhaColony,NearGareebNawazBldg,KurlaWest"
"L ",400070,"PatelWadi,MarwadiChawl,PipeRoad,NearKurlaNursingHome,KurlaWest"
"L ",400070,"SaiDham,SaiDhamCHS,GhatkoparAndheriRoad,SakinakaMetro,KurlaWest"
"L ",400070,"TaybahApt,KhanAbdulMasjidRoad,Brahmanwadi,KurlaWest"
"L ",400070,"UnwalaCompound,KurlaAndheriRoad,BehindAnandBhawanHotel,Andheri"
"L ",400070,"WadiaEstate,BailBazaar,WadiaEstate,KurlaWest"
"L ",400071,"GandhiNagar,Kajupada,PipelineRoad,Kajupada,Pipeline,KurlaW"
"L ",400072,"AmarjyotBuilding,HalavPool,NearMig,DhobiGhat,KurlaWest"
"L ",400072,"Darusalam,HCSoc,HalavPool,KohinoorRoad,NrGajiMiyaDargah,KurlaWest"
"L ",400072,"DostiEnclave,90FeetRoad,D'SouzaNagar,KurlaWest"
"L ",400072,"Dwarkapuri,LbsMarg,NearCityHospital,KurlaWest"
"L ",400072,"FitwalaBldg,PipeRoad,IlyasFeetwala,KurlaWest"
"L ",400072,"KadarShahChawl,70/7,QureshiNagar,MasjidRoad,BadiMasjisd,KurlaEast"
"L ",400072,"KhadiNo3,JaffarCompound,JaffarCompund,SakinakaLinkRoad,KhadiNo3,Andheri"
"L ",400072,"KrupaSidhu,SahakariGrihaNirman,KamgarNagar,SaiMandir,KurlaEast"
"L ",400072,"PanBazarSociety,Chunabhatti"
"L ",400072,"SandeshNagar,BailBazarPoliceChowki,LalKilaMitraMandal,KurlaWest"
"L ",400072,"SarangChawl,HariMasjid,CstRoad,KurlaCourt,KurlaWest"
"L ",400072,"SheetalBuilding,CstRoad,BehindSheetalCinema,KurlaWest"
"L ",400072,"SraBuildingNo5,DWing,PremierRoad,OppKohinoorHospital,KurlaWest"
"L ",400072,"SuleimanBldg,NewMillRoad,MehboobiSulemaniMasjid,NearGandhiMaidan,KurlaWest"
"L ",400072,"SunderBaug,NavjivanMandal,LbsMarg,NavjivanMandal,KurlaWKamani"
"L ",400072,"SunderNagar,TungaGaon,Powai,NrShivanSchool,Powai"
"L ",400072,"VarshaAdarshNagar,AWing,VarshaAdarshNagar,KurlaStation,SaiMandir,KurlaEast"
"L ",400082,"KorgaokarSevaNiwas,PandharinathSevaMandal,PandharinathSevaMandal,HillRoad,NearKadipitta,Chunabhatti"
"L ",400088,"JayAmbeMitraMandal,SandeshNagar,BailBazar,KurlaAndheriRoad,NearMunicipalSchool,Kurla"
"L ",400088,"SunderBaug,NearSaiBabaMandir,SundarBaugLane,NearSaiBabaMandir,KurlaWest,Mumbai"
"ME",400043,"BldgNo7/B,AmanSociety,NatwarParekhCompound,ShivajiNagarPoliceStation,LotusColony"
"ME",400043,"BuildingNo12C,NatwarParekhCompound,ShivajiNagarPoliceStation,ShivajiNagar"
"ME",400043,"BuildingNo13,Hiranandani,Lallubhai,LallubhaiPoliceStation,Govandi"
"ME",400043,"BuildingNo16,Premjyot,IndianOil,BankOfBaroda,LotusColony"
"ME",400043,"BuildingNo17,Sadguru,VashiNaka,MahadaColony,VashiNaka"
"ME",400043,"KamalaRaman,GMLink,PlNo33,BaiganwadiRickshawStand"
"ME",400043,"MgrRoad,DSectorMarketRoad,Cheetacamp"
"ME",400043,"NageshKambleChawl,MhantreHouse,Agarwadi"
"ME",400043,"NewBharatNagar,HashuAdvaniNagar,HpGroundRoad,AshuKiranaStore,VashiNaka"
"ME",400043,"PlotNo25,AhilyabaiHolkarMarg,JaffariSchool,ShivajiNagar"
"ME",400043,"RdNo4,5,6,ShivajiNagar"
"ME",400043,"TataNagar,EktaSahakariMandal,DeonarArbaitorGovandiStnRoad,MochiGalli,TataNagar"
"ME",400050,"BajiPrabhuMarg,RdNo11,12,VishwaShantiChawl,Baiganwadi"
"ME",400050,"BldgNo7,LallubhaiCompound,RajMahalBldg,CementGodown,BldgNo10A,Deonar"
"ME",400050,"BlgNo93,PmgpNallah,PremjiGalli,AmbedkarNagar,MohitePatilNagar,Mankhurd"
"ME",400050,"IndiraNagar,ChikalwadiMunicipalSchool,BharatNagarMasjid,ALineG5,Baiganwadi"
"ME",400050,"KamalaRamanNagar,PlNo33,DumpingRdPlNo33,FurkaniyaMasjid,Baiganwadi"
"ME",400050,"PayliPada,SwamiVivekanadSchool,TataCompound,KapporChawl,Cheetacamp"
"ME",400050,"RdNo12,13,LineG,Baiganwadi"
"ME",400050,"SaiDarshanCoop,MMRDABldg23/C,PllMarg,Gautamnagar"
"ME",400050,"ValmikiRahiwasiSangh,SonapurRoad,SaibabaMandir,Mankhurd"
"ME",400052,"PlNo16,15,20,NearNallah,LotusColony"
"ME",400052,"RamanMamaNagar,RickshawStndRoad,NamdevMoryaMarg,Baiganwadi"
"ME",400052,"RdNo3And4,Line8,ShivajiNagar"
"ME",400052,"ShiddivinayakCHS,BldgNo2/D,MaharashtraNagar,OmCHS,Mankhurd"
"ME",400054,"GautamNagar,GmLinkRoad,PllLokhandeMarg,KarbalaMasjid,Nimonibaug"
"ME",400054,"RdNo6,TLineRdNo30,ShivajiNagar"
"ME",400088,"BldgNo6C,NatwarParekhCompound,ShivajiNagarPoliceStation,LotusColony"
"MW",400071,"TilakNagar,Chembur"
"MW",400075,"BuildingNo22,NearBhauPradhanMaidan,SubhashNagarChembur,Mumbai-71,NearBhauPradhanMaidan,Chembur"
"MW",400075,"MahatmaPhuleChawl,PLLokhandeMarg,MahatmaPhuleChawl,Chembur"
"MW",400075,"SiddharthColony,GangubaiPatoleChawl,ChemburNaka,Chembur,Chembur"
"MW",400077,"AWing,SiddharthResidency,SiddharthResidency,PYThoratMarg,SiddharthResidency,Chembur"
"MW",400077,"LalDongar,NearBmcSchool,Chembur,Chembur"
"MW",400077,"NearBmcSchool,CollectorColony,ShivshaktiNagar,NearBmcSchool,Chembur"
"MW",400077,"PostalColonyBusStop,NearSamajMandirHall,ShramjiviNagar,Chembur"
"MW",400079,"AmarkunjCHS,AmarkunjSociety,PestamSagarRoadNo2,PestamSagar,Chembur"
"MW",400079,"BuildingNo29,WingA,TilakNagarColony,TilakNagar,Chembur"
"MW",400084,"LaxmiNagar,MahulRoad,NearRailwayTrack,Chembur"
"MW",400084,"RcBarrackNo25&32,RcBarrack,IndiraNagar,OppRedSpiceHotel,Chembur"
"MW",400084,"SukhshantiChawl,PLLokhandeMarg,MukundNagar,Chembur"
"MW",400086,"AWing,BldgNo24,OppAyushiSuperMarket,Chembur,Chembur"
"MW",400086,"AjinkyataraCHS,SwastikPark,CstRoad,InsideSarvodayNagarSoc,NearKurlaSignal,Chembur"
"MW",400086,"GalliNo22&23,ThakkarBappaColony,IndiraNagar,Chembur"
"MW",400086,"GuruDevPushpanjaliCHS,PlotNo481/A,RoadNo15,Chembur"
"MW",400086,"IslampuraAnsariRoad,Islampura,Chembur,NearJamaMasjid,Chembur"
"MW",400086,"RCBarrackNo39,NearLalMithiGarden,ChemburCamp,Chembur,Chembur"
"MW",400086,"TopazBuilding,ChhedaNagar,Chembur,Chembur,Chembur"
"MW",400086,"UtkarshNagar,PLLokhandeMarg,Chembur"
"MW",400086,"VatsalataiNagar,NearKurlaSignal,Chembur,VatsalataiNagar,Chembur,"
"MW",400086,"ZeonAjmeraLand,BhaktiPark,Wadala(East)"
"MW",400089,"MahulGaon,MahulSra,MahulColony,Chembur"
"N ",400037,"AWing,TrimurtiCHS,TrimurtiCHSAWing,LinkRoad,NearShreyesSignal,NityananadNagar"
"N ",400071,"ArvindVilla,JpRoad,OppGhatkoparRailwayStation,GhatkoparW"
"N ",400071,"G7,MunicipalColony,RBKadamMarg,NearMuktabaiHospital,BhatwadiBarvenagar"
"N ",400071,"MunicipalColonyA,RoadNo6,VikroliParkSite"
"N ",400071,"RambaliChawl,WamanMasterWadi,KisanKharatRoad,NearSaiBabaMandir,NityananadNagar"
"N ",400071,"SaiganeshBldg,DnsVilla,RBKadamMarg,RupalIndustries,Bhatwadi"
"N ",400071,"VeerSambhajiChawl,GaneshNagar,AboveDuckline,NearSaibabaMandir,KhandobaTekadiVps"
"N ",400074,"9HayadMohammadChawl,9HayadMohammadChawl,ShakarChawl,ParshewadiRoad,NearKadhiArea,Parshewadi"
"N ",400074,"AAndBWing,Parasnath,Parasnath,SudhaPark,NearRailwayPoliceGround,GarodiaNagar"
"N ",400074,"ChiragNagarChawlNo3PorbandarwalaChawl,LbsRoadOppNavalParkGate,NearBawdiNearDrAnaeesClinicChiragNagar,GhatkoparW"
"N ",400074,"NoorMohhamadChawl,RoadNo1,OppFireBrigade,VikroliParkSite"
"N ",400074,"SavitribaiPhule,SavitribaiPhuleRoad,NearPantNagarPoliceStation,PantNagar"
"N ",400074,"TirangaChawl,GalliNo105,NearChitraDairy,KamrajNagar"
"N ",400075,"BWing,BuildingNo76,BuildingNo76,NearSubhashChandraBoseGardenNearPoliceStation,PantNagar"
"N ",400089,"BaslingChawl,RBKadamMarg,MataMahakaliMandir,Bhatwadi"
"N ",400089,"Bldg21,PriyaDarshaniCHS,PriyaDarshaniCHS,NathPaiRoad,NearOrbitTower,GarodiaNagar"
"N ",400089,"KilleShivneriSociety,RamNagarB,VikroliParkSite"
"N ",400089,"RamRahimMitraMandalChawl,StationRoad,NearGhatkoparStation,NityananadNagarGhatkoparW"
"N ",400089,"SindhiChawl,LbsRoad,NearPoliceCompound,ChiragNagarGhatkoparW"
"N ",400089,"SunilPremisiesCHSl,ManeklalEastateRoad,ManeklalEstate,GhatkoparW"
"N ",400089,"UtkarshChawl,CharChaliRoad,DbPawarChowk,RamabaiAmbedkarNagar,GhatkoparEast"
"N ",400089,"YashodharaChawl,NalandaNagar,EasternExpressHighway,DbPawarChowk,RamabaiColony"
"PN",400042,"ChawlNo22,MhbColony,GateNo8,Malwani,MaladWest"
"PN",400042,"FGMullaChawl,NearNooraniMasjid,RaniSatiMarg,Pathanwadi,MaladEast"
"PN",400042,"OmkarSraBuilding,SantoshNagar,Dindoshi,OppShivsenaShakha,MaladEast"
"PN",400042,"PlotNo7,OldCollectorCompound,Malvani,Occ,MaladWest"
"PN",400042,"SceondChapleView,OppInfantJesusChurch,NearFishMarket,KharodiVillage,MaladWest"
"PN",400060,"AbhijitIndravanComplex,AbhijitIndavanComplex,DattaMandirRoad,MaladEast"
"PN",400062,"BambudeChawl,BambudeCahwl,IndiraNagar,NearWesternExpressHighway,PushpaPark,MaladEast"
"PN",400062,"NccPlotNo36,NewCollectorCompound,MaladWestMalvani"
"PN",400063,"BuildingNo1,SanjayGandhiNagar,DindoshiCourt,MaladEast"
"PN",400063,"VaishaliCHSl,VaishaliApartment,MhadaMalwani,MaladWest"
"PN",400064,"HumairaPark,4B/112,RanisatiMarg,Pathanwadi,MaladEast"
"PN",400065,"LilyBuilding,LillyBuilding,MantriPark,Dindoshi,MaladEast"
"PN",400065,"SainathSociety,SainathSocietysantoshNagar,GoregaonEast"
"PN",400076,"GWard,BmcColony,SantoshNagar,GoregaonEast"
"PN",400076,"SolitaireStar,NearDattaMandir,SomwariBazar,SomwariBazar,MaladWest"
"PN",400078,"AlmadinaApartment,Pathanwadi,MaladEast"
"PN",400078,"HinduDabiChawl,HajiBapuRoad,MaladEast"
"PN",400078,"ManavshtalBuilding,MahakaliNagar,OffMarveRoad,KacchaRoad,MaladWest"
"PN",400078,"OldGaneshWadi,BehindStFrancisSchool,LaxmanNagar,MaladEast"
"PN",400078,"PoonamEnclave,OppWageshwariMandir,MaladEast"
"PN",400079,"VastuTower,OppRyanIntSchool,EvershineNagar,MaladWest"
"PN",400083,"AWing,MapleHeights,ShivajiNagar,KurarVillage,MaladEast"
"PN",400083,"AmanEktaChawl,BehindPathanwadiMasjid,RaniSatiMarg,Pathanwadi,MaladEast"
"PN",400083,"KrantiNagarWelfareSociety,OmjiCompound,Rathodi,MaladWest"
"PN",400083,"ShivshahiRahivasiSangh,NearMyKitchenHotel,JaiBhimNagar,SantoshNagar,GoregaonEast"
"PN",400083,"VinodManeChawl,NivetiaRoad,Vadaripada,MamaldEast"
"PN",400087,"HimgiriBuilding,HimgiriBuilding,OppoStPaulSchool,MalvaniGateNo,Malvani,MaladWest"
"PN",400104,"AdarshSociety,MadhMarket,AdarshSociety,ShivajiNagar,GateNo3,MadhMarket,MaladWest"
"PN",400104,"BahistApartment,BahistApartment,NearBahjiMarket,Pathanwadi,MaladEast"
"PN",400104,"DhavalgiriBuilding,NearSonaliPlaza,LibertyGarden,MaladWest"
"PN",400104,"GaneshPrasadBuilding,GaneshPrasadBuilding,TanajiNagar,KurarVillage,MaladEast"
"PN",400104,"MasjidCompound,MasjidCompound,SuchakHospital,MaladEast"
"PN",400104,"MaxmayBuilding,TankRoad,Orlem,MaladWest"
"PN",400104,"NccPlotNo14,Ncc,PlotNo14,MalvaniGateNo06,Malvani,MaladWest"
"PN",400104,"Ncc,GateNo7,Malwani,MaladWest"
"PN",400104,"OscarApartment,OscarApartment,Plot55,PushpaPark,MaladEast"
"PN",400104,"PlotNo71,GateNo7,Malwani,MaladWest"
"PN",400104,"RahejaPark,RahejaPark,SanjivaniHospital,MaladEast"
"PN",400104,"ShivrajApartment,ShivramApartment,RamchandraLane,MaladWest"
"PN",400104,"UpadhyayChawl,NearAdarshBharaChawl,SanjayNagar,Pathanwadi,MaladEast"
"PS",400061,"DevisatiVanichaPada,FilmCityRoad,GoregaonEast,GoregaonEast"
"PS",400064,"Building,RamMandir,GoregaonWest"
"PS",400064,"ZaduGalli,PremNagar,UnnatNagarRoadNo2,GoregaonWest"
"PS",400076,"MillatSociety,Rammandir,GoregaonWest"
"PS",400078,",NrGaneshMaidan,MotilalNagarNo2"
"PS",400078,"114/8,JawaharNagar,RoadNo8,OppositeBankOfBaroda,GoregaonWest"
"PS",400078,"LakhauLethaChawl,RNo3,Ramnagar,Bandrekarwadi,JogeshwariEast,Bandrekarwadi,JogeshwariEast"
"PS",400078,"LaxmiNagar,LinkRoad,OppSaiCHSl,LaxmiNagar"
"PS",400078,"RoyalPalm,GoregaonEast"
"PS",400078,"VikasBuilding,LaxmiNagar,GoregaonWest"
"PS",400080,"SwastikResidency,RoadNo2JawaharNagar,JawaharNagar"
"PS",400083,"AKTower,OppositeDhs,SVRoad,GoregaonWest"
"PS",400083,"BWing,KumudNagar,SvRoad,GoregaonWest"
"PS",400083,"HanumanTekdi,SaiNagar,NearHanumanTekdi,HanumanTekdi,GoregaonEast"
"PS",400083,"JaiBhavaniChawl,PremNagar,HanumanNagar,GoregaonWest"
"PS",400083,"MasjidGalli,BhagatSinghNagarNo1,NrTayyabaMasjid,BhagatSinghNagar"
"PS",400097,"BhagatSinghNagarNo1,HanumanMandirGalli,NearAnnabhauSathe,SamajMandir,GoregaonWest"
"PS",400097,"DBWoods,FilmCityRoad,KrishnaVatikaMarg,Gokuldham,GoregaonEast"
"PS",400097,"NewHanumanSusanskrutiSociety,MgRoad,GoregaonWest,GoregaonWest"
"PS",400097,"SahyadriBuilding,AareyRoad,PeruBaug,NearPritamFastFood,GoregaonEast"
"PS",400097,"ShankarNagar,NearRustomjeeTower,VasriHill,DearYugadharmaTower,GoregaonWest"
"PS",400097,"SuvidhaChawl,BhagatSinghNagarNo1,GoregaonWest"
"RC",400063,"PoliceQuarters,YogiNagar,PoliceQuarters,YogiNagar,BorivaliWest"
"RC",400095,"NewTransitCamp,4BNewTransitCamp,TataPowerRoad,PhoolpakharuGarden,BorivaliEast"
"RC",400095,"PanwalaChawl,KulupWadi,ShivsenaShakha,BorivaliEast"
"RC",400095,"PatiHouse,EksarRd,Talepakhadi,BorivaliWest"
"RC",400095,"SaibabaBuilding,SaibabaBuilding,CharkopSec9,BorivaliWest"
"RC",400095,"SiddharthNaharComplex,SiddhatrhNaharComplex,SiddharthNagar,SiddhartNagar,BorivaliEast"
"RC",400095,"SiddhivinayakCHS,FurnitureGalli,DonBosco,BorivaliWest"
"RC",400095,"Yogeshwar,YogeshwarCHSPlotNo40,Gorai2,PepsiGround,BorivaliWest"
"RC",400097,"SbiBuilding,Chikuwadi,BorivaliWest"
"RC",400097,"ShivVeerBuilding,ShivVeer,PlotNo24,CharkopSec8,BorivaliWest"
"RC",400097,"SiddhivinayakBuilding,Siddhivinayak,Sukarwadi,BorivaliWest"
"RN",400063,"HillCrest,HillCrest,ICColony,DahisarWest"
"RN",400095,"BellsHeaven,DrShrinigiMarg,LicColony,DahisarWest"
"RN",400097,"PadwalAndRamchandraGuravChawl,BabuPednekarRoad,Ketkipada,DahisarEast"
"RN",400097,"SainathChawl,ShivTekdi,DahisarEast"
"RN",400097,"SnehalChawl,Kandarpada,Kandarpada,DahisarWest"
"RN",400097,"ValmikiChawl(Slum),ValmikiChawl,DnDubeyRd,Ambawadi,DahisarEast"
"RS",400063,"JansevaSamiti,AzadCompound,OppChandrikaHotel,KandivaliWest"
"RS",400064,"EmpBldgNo49,ThakurVillage,KandivaliEast"
"RS",400066,"JayAmbeChawl,MathuradasRoad,SharmaCompound,KandivaliWest,"
"RS",400067,"DevjiVithateChawal,No93,ThakurVillage,DattaniPark,KandivaliEast"
"RS",400067,"SaiPrasadChawl,ThakurVillage,Janupada,NearSaiBabaMandir,KandivaliEast"
"RS",400068,"EktaNagar,GalliNo07,OldLinkRoad,OppPetrolPump,NearAshishHotel,KandivaliWest"
"RS",400068,"ShivshaktiChawl,ShivshaktiCompound,GandhiNagar,KandivaliWest"
"RS",400095,"BhoomiResidency,MahavirNagar,KandivaliWest"
"RS",400095,"BldgNo14,EktaNagar,Mhada,KandivaliWest"
"RS",400095,"DharamveerCHS,IraniwadiRoadNo3,KandivaliWest"
"RS",400095,"LadiwalaBhavan,A31,LadiwalaBhavan,NextToFireBrigde,KandivaliWest"
"RS",400095,"SadabaharChawl,AzadCompound,RamGalli,OppChandrikaHotel,KandivaliWest"
"RS",400097,"BldgNo31,EktaNagar,Kandivali(W),Bldg31,EktaNagar,Mhada,KandivaliWest"
"RS",400097,"J3BlockNo3,MahavirNagar,KandivaliWest"
"RS",400097,"LokmanyaChawlNo,2,WadarPada,RoadNo2,HanumanNagar,KandivaliEast,Mumabi"
"RS",400097,"RajArcade,RajArcade,MahavirNagar,AboveAxisBank,KandivaliWest,Mumbai,"
"RS",400097,"RukiyabaiNoorMohommadChawl,Bandongari,KandivaliEast,Mumbai"
"RS",400097,"SagarSocietySra,SagarSociety,HanumanNagar,NrAyyappaMandir,KandivaliEast,Mumbai"
"RS",400097,"SilverAvenue,SilverAvenue,JulekabaiChanduChawl,SVRoad,NrMasjid,Poisar,KandivaliWest,"
"RS",400101,"BhoomiSanket,MahavirNagar,KandivaliWest,"
"RS",400101,"NandanvanCHS,PlotNo235,Charkop,KandivaliWest"
"RS",400103,"DeepGangaCHSl,NeelkanthNagar,GaneshNagar,MhadaColony,KandivaliWest"
"RS",400103,"PatilHouse,MG,Road,NrGauravGarden,BundarPakhadi,KandivaliWest"
"RS",400103,"SagarSoc,SagarSoc,CharkopSec2,Rsc7,CharkopSec2,KandivaliWest"
"S ",400066,"CWing,RajSpendourCHS,RajSpendourCHS,LbsRoad,NextToRajLegacyComplex,Vikhroli(W)"
"S ",400066,"KambleCompound,NearPanCHSheelBuddhvihar,PratapNagarRoad,Bhandup(W)"
"S ",400066,"PanCHSheelChawl,NearKailasMandir,Suryanagar,Vikhroli(W)"
"S ",400067,"Bhandup(E),NavYashodharaCHS,UdayshreeRoad,Bhandup(E)"
"S ",400067,"BuildingNo215/8448,KannamwarNagar-1,Vikhroli�,KannamwarNagar-1,NearGajananMaharajChowk,Vikhroli(E)"
"S ",400067,"ChaitanyaNagar,PanCHShilSociety,OppIitMainGate,ChaitanyaNagar,PowaiMumbai"
"S ",400067,"ChawlNo1,SaiHillBhandup,NarayanCHS,SaiHill,Bhandup(W)"
"S ",400067,"GaneshNager,SitaramJadhavChawl,BehindMangatPetrolPump,KajuHill,GaneshNager,Bhandup(W)"
"S ",400067,"JuvekarRoad,Bhandup�,ArogyasadanSociety,JuvekarRoad,Bhandup(E)"
"S ",400067,"Khindipada,AnandThakurChawl,NearShivsenaShakha,Khindipada"
"S ",400067,"Khindipada,VishwashantiCHS,NearOmegaSchool,Khadan,Khindipada"
"S ",400067,"NeharuNagar,AmbikaNiwas,NeharuNagar,KanjurmargEast"
"S ",400067,"NewParivartanSociety,LbsRoad,K-1,MmrdaColony,KanjurmargRailwayStation,Kanjurmarg(W)"
"S ",400067,"PritiNiwasChawl,MarodaHill,Tembhipada,Bhandup(W)"
"S ",400067,"RajivGanghiNagarChawl,Bhandup(W),Sonapur,DargahRoad,RajivGandhiNagarChawl,Bhandup(W)"
"S ",400067,"SaiNagar,BhandupEast,NandaSawantChawlNo14,SaiNagar,BhandupEast"
"S ",400067,"SamruddhiGardensSociety,JoyHomesBuilding,SamrudhhiGarden,JoyHomesCHS,LbsRoad,NearIshwarNagar,BhandupWest"
"S ",400067,"TagorNagarNo8,TagorNagarGroupNo8,TagorNagar,VikroliEast"
"S ",400067,"Tagorenagar,Vikhroli�,RajMohhammadChawl,MasjidRoadNo2,Tagorenagar,Vikhroli(E)"
"S ",400092,"BldgNo230,KannamwarNagar-I,Vikhroli(E)"
"S ",400092,"GuravChawl,Tembhipada,Vaghobawadi,BhandupWest"
"S ",400092,"IndiraVikasSevaSanghChawlNo1,KannamwarNagar-Ii,OppBldgNo178,Vikhroli(E)"
"S ",400092,"Milindnagar,NearL&TCompoundWall,Powai"
"S ",400092,"PrashantSagarCHS,JaydeepNagar,BhandupEast"
"S ",400092,"SahjivanHeights,CriticareHopsital,PratapNagarRoad,KokanNagar,Bhandup(W)"
"S ",400092,"ShakuntalaNiwas,BhandupVillage,Bhandup(W)"
"S ",400092,"SwastikApt,ShivaiSchool,BhandupEast"
"S ",400101,"DivineCHS,BehindTirandazSchool,Powai"
"S ",400101,"JituRaiYadavChawl,PratapnagarRoad,MunshiMahal,Bhandup(W)"
"S ",400101,"MhadaBuilding,KannamwarNagar,MhadaBuildingChawl,KannamwarNagar,Vikhroli(E)"
"S ",400101,"NeelkamalCHS,Tagorenagar,Vikhroli(E)"
"T ",400080,"BuildingNo1,&6,McgmQuarters,BhandupComplex,Khindipada,MulundWest"
"T ",400080,"IndiraNagar-3,ShaktiChawl,JNRoad,ShivsenaShakha,MulundWest"
"T ",400080,"ParkRoyalCHS,MadanmohanMalviyaRoad,OffLbsRoad,MulundWest"
"T ",400080,"VivekanadSociety,JNRoad,SarvodayNagr,MulundWest"
"T ",400081,"DhansampadaCHS,NeelamNagar,AboveSahkarBhavan,MulundEast"
"T ",400081,"MangalSrushti,NeelamNagar,HariomSweets,MulundEast"
"T ",400081,"SpandanHospital,NeelamNagar,OppMatrutvaHospital,MulundEast"
